{
  "version": "2.0.0",
  "timestamp": "20260130_132750",
  "type": "full_backup",
  "device": "ESP32-S3-Touch-LCD-7",
  "chip": "esp32s3",
  "flash_size": "16MB",
  "backup_date": "2026-01-30T13:27:50.368494",
  "description": "Complete hardware + software backup from device",
  "regions": {
    "bootloader": {
      "offset": "0x0",
      "size": 32768,
      "file": "bootloader.bin",
      "actual_size": 32768
    },
    "partitions": {
      "offset": "0x8000",
      "size": 4096,
      "file": "partitions.bin",
      "actual_size": 4096
    },
    "nvs": {
      "offset": "0x9000",
      "size": 20480,
      "file": "nvs.bin",
      "actual_size": 20480
    },
    "otadata": {
      "offset": "0xE000",
      "size": 8192,
      "file": "otadata.bin",
      "actual_size": 8192
    },
    "app0": {
      "offset": "0x10000",
      "size": 4128768,
      "file": "app0.bin",
      "actual_size": 4128768
    },
    "app1": {
      "offset": "0x400000",
      "size": 4128768,
      "file": "app1.bin",
      "actual_size": 4128768
    },
    "spiffs": {
      "offset": "0x7F0000",
      "size": 65536,
      "file": "spiffs.bin",
      "actual_size": 65536
    }
  },
  "full_dump": "full_flash_16MB.bin"
}